Quantization,Language,Prompt
NemoMix-Unleashed-12B-Q4_K_L,en,"Delve deep into the abyss of your heart, where emotions swirl and eddy like the tides of an ancient sea. Taste the salt of your tears and feel the current of your passions. Let the waters of your soul guide you, even as they pull you under and resurface you, renewed. In the depths, you will find the truth of your being, the key to unlocking your fullest potential. Embrace the ebb and flow of your feelings, for they are the map to your true self. As you navigate these depths, you will also discover the power of empathy, the ability to understand the emotions of others as if they were your own. In this shared watery realm, you will find connection, intimacy, and the profound bond of kinship. Trust in the wisdom of your emotions, for they are a compass leading you home."
NemoMix-Unleashed-12B-Q4_K_L,en,"Breathe in, breathe out - the rhythm of life, the pulse of thought. Within each inhalation, a spark of inspiration kindled, each exhalation a spoken mantra shaping worlds. The mind, a cloud-chamber, thoughts condensing into form. Communicate, converse with self and other, let ideas mingle and dance. In the exchange, clarity crystallizes, understanding blossoms forth. Like invisible winds, words carry us on their currents, shaping our reality. Listen, for in the whispers of the mind lies the key to self-knowledge."
NemoMix-Unleashed-12B-Q4_K_L,en,"In the crucible of existence, the alchemy of intention meets the furnace of reality. The three wands, symbols of will and purpose, stand firm in the fertile soil, their roots entwined with the earth's deep knowing. Each wand holds a seed, a promise of growth, a potential waiting to be quickened by the sun's life-giving fire. The soil, once barren, now teems with possibility, nourished by the wand's focused energy. As the wands reach towards the heavens, so too do they anchor themselves in the earth, drawing upon its strength and resilience. This is the dance of manifestation, the interplay of spirit and matter, where visions take root and bloom under the watchful eye of destiny. In this moment of sacred union, the wands become more than mere tools; they are living extensions of the earth, their power amplified by the very ground that supports them. And so, the stage is set for creation, for the bringing forth of that which has been dreamed, desired, and willed into being."
NemoMix-Unleashed-12B-Q4_K_L,en,"The harvest of your labors lies before you, a bountiful field of pentacles ripe for the taking. Yet pause, for the true measure of your wealth is not in the coin but in the soil that nurtured its growth. Tread lightly upon the earth, for it is the vessel that holds the seeds of your future. In this moment of plenty, reflect on the seeds you have sown and the harvests yet to come."
NemoMix-Unleashed-12B-Q4_K_L,en,"In the realm where spirit tangibly roots itself, where thought manifests into form, a sovereign presence emerges, wielding the sword of discernment. She slices through illusion, clearing the path for truth to take seed in fertile soil. This queen, an earthly embodiment of cosmic wisdom, cultivates balance and sustainability, her reign a dance between the ethereal and the tangible. She invites reflection on the alignment of our inner world with our outer reality, urging us to tend to the garden of our lives with conscious care and intention. In her court, we are called to examine our relationship with the material, to honor the resources that sustain us while ensuring their responsible stewardship. This queen, a mirror of our values, reflects back the truth of our inner landscape, challenging us to live in harmony with both our highest selves and the earth that cradles us."
NemoMix-Unleashed-12B-Q4_K_L,en,"In the depths of the emotional realm, secrets are whispered by the currents. The flow of feelings, once embraced, reveals the hidden contours of the heart. This is a time to plunge into the subconscious, to dive beneath the surface and uncover the treasures of the psyche. The intuitive waters beckon, inviting you to explore the vast expanse of your own emotional landscape. Here, feelings are not to be feared, but rather, honored as guides on the path to self-knowledge. The more you immerse yourself in the ebb and flow of your emotions, the more you will come to understand their wisdom. As you traverse this inner realm, you may find that your feelings connect you to others, forging bonds through shared experiences and understanding. In this world of water, emotion is the language that transcends boundaries, allowing you to communicate on a deeper level with those around you. So dive in, and let the currents of your feelings reveal the secrets of your soul."
NemoMix-Unleashed-12B-Q4_K_L,en,"A flicker within ignites, a spark that smolders, then roars to flame. The embers of your soul, stoked by hidden yearnings, flare into a conflagration that consumes the dross of doubt and fear. From ashes, new life emerges, a phoenix born of passion's pyre. Your will, a furnace-fire, forges the metal of your dreams into shining blades of purpose. In this crucible of self, let your true desires kindle, and from the heart's hearth, let your spirit's light shine forth, a beacon guiding you through the tempest of transformation."
NemoMix-Unleashed-12B-Q4_K_L,en,"Amidst the fertile fields of life, you find yourself at a crossroads, contemplating the fruits of your labors. The soil beneath your feet, rich with potential, calls upon you to recognize the abundance that surrounds you. Yet, there is an unmistakable sense of stagnation, a stillness that invites you to pause and reflect upon the path you have chosen. The earth card, a symbol of stability and physical manifestation, urges you to consider the alignment between your spiritual aspirations and your daily practices. Like a seedling breaking through the earth's surface, seek to understand how your beliefs and emotions translate into tangible reality. As you stand in the field, surrounded by the bounty of your efforts, take a moment to appreciate the journey that has brought you here. The journey ahead may be uncertain, but the earth card reminds you that you have the capacity to sustain and nurture life, providing fertile ground for personal growth and fulfillment. Embrace the stillness, and trust in the wisdom of the soil, for it holds the key to unlocking your full potential."
NemoMix-Unleashed-12B-Q4_K_L,en,"In the dance of divine embers, there lies a crucible of transformation. The old must burn to make way for the new, and in the ashes, a phoenix rises. This is the story of the fire within, a spark that ignites the soul's deepest desires. It is a call to wield the power of will, to channel the sacred energy that drives us forth. Let this inner flame be your guide, a beacon in the night of uncertainty. Its light illuminates the path to your true north, the magnetic force of your authentic self. Fan its flames with courage and intention, and watch as the world around you catches fire with the force of your passion. For in the heart of the inferno, there lies the key to your metamorphosis. Burn bright, my friend, and let the ashes of your past fuel your ascension."
NemoMix-Unleashed-12B-Q4_K_L,en,"In the depths of matter, the primordial essence awakens, a wellspring of life force bubbling up from the earth's core. What is born here takes root, sinks tendrils deep into the soil, drawing nourishment from the fertile ground. This is the crucible where the impossible becomes possible, where dreams take shape and solidify. The Ace of Cups, a vessel overflowing with vitality, pours forth its contents into the waiting world, a sacred libation that quickens all it touches. Here, in this lush and verdant landscape, the boundaries between spirit and form dissolve, and we are reminded that all of life is a divine gift, a cup running over with blessings beyond measure."
NemoMix-Unleashed-12B-Q4_K_L,en,"Like an underground spring bubbling up from the depths, your emotions seek release, yearning to be channeled into the light. Let them flow freely, uninhibited and raw, for they carry the key to unlocking your truest self. Dive deep into the well of your feelings, unafraid to plumb the murky waters of fear, sorrow, and despair. Therein lies the seeds of joy, resilience, and transformation."
NemoMix-Unleashed-12B-Q4_K_L,en,"In the heart of the material realm, a force stirs, both gentle and strong. Like the earth beneath our feet, it nurtures and sustains, yet also demands respect and responsibility. Here, in the tangible world, our beliefs and emotions take form, our choices shaping the landscape of our lives. To walk this path is to navigate the balance between the immovable and the ever-changing, the solid foundation and the seeds of transformation. In the dance of earth and spirit, we are invited to ponder: How do our deepest values intertwine with our daily practices? How do we tend to the resources that sustain us, both within and without? The answer lies in the gentle force that both yields and endures, a strength that adapts to the changing tides, rooted in an unwavering commitment to the earth and all its inhabitants. To embody this strength is to find solace in the fertile ground of our existence, where growth and renewal are always possible."
NemoMix-Unleashed-12B-Q4_K_L,es,"El Emperador, con su mano firme y su mirada segura, te insta a enfrentar la tempestad de tus emociones. Sumérgete en el abismo de tu ser, donde las aguas profundas ocultan tesoros insospechados. Escucha el susurro del agua, que te revela secretos olvidados y la sabiduría de tu corazón. No temas a la corriente, deja que el flujo te guíe hacia la comprensión de tu propia esencia. En el espejo de las emociones, encuentra la conexión con tu verdadero yo y con los demás. Deja que la empatía fluya como el río que recorre la tierra, permitiendo la comprensión y la compasión. El Emperador te invita a gobernar tu mundo emocional con coraje, permitiendo que las aguas de tus sentimientos te nutran y te guíen hacia la plenitud."
NemoMix-Unleashed-12B-Q4_K_L,es,"La brisa susurra secretos al oído, llevando el aliento de la sabiduría. Cada bocanada de aire, un soplo de inspiración que conecta el pensamiento con lo divino. Las palabras, semillas de ideas que encuentran su tierra en la mente, germinando en claridad y comprensión. El aire, el puente entre lo interior y lo exterior, donde las ideas cobran vida y se tejen en el tapiz de la comunicación. Respirar es recibir, respirar es transmitir, respirar es existir en el flujo constante del conocimiento universal."
NemoMix-Unleashed-12B-Q4_K_L,es,"En la danza eterna entre lo divino y lo terrenal, la Madre Tierra nos invita a arraigarnos, a encontrar solidez en el suelo que nos sostiene. Cada paso que damos, cada decisión que tomamos, traza un sendero que nos conduce hacia la manifestación de nuestros sueños. La riqueza se encuentra no solo en el oro y la plata, sino en la abundancia que fluye a través de nosotros cuando estamos en armonía con la naturaleza que nos rodea. Nuestros cuerpos, templos sagrados, son el medio a través del cual nuestras emociones y pensamientos se transforman en acciones concretas. Asegurémonos de nutrir y honrar este vehículo físico que nos permite experimentar la vida en toda su plenitud. En la intersección entre el espíritu y la materia, encontramos la oportunidad de crecer y florecer, de dar forma a nuestro destino con cada respiración. La Tierra nos llama a ser conscientes de nuestra huella, a vivir de una manera que respete y nutra tanto a nosotros mismos como a nuestro entorno. En esta danz"
NemoMix-Unleashed-12B-Q4_K_L,es,"En la danza eterna entre lo intangible y lo tangible, entre sueños y realidad, te encuentras en un punto crucial de equilibrio. La Tierra, testigo silencioso de tu presencia, te invita a considerar la huella que dejas en tu paso por este mundo. Cada acción, cada pensamiento, cada emoción encuentra raíces en el suelo bajo tus pies. El tesoro que escondes en tu interior, el brillo de tus ideales, anhela la oportunidad de manifestarse en forma de semillas que germinarán en el campo fértil de tu existencia. En este momento, la fertilidad de tu corazón y la solidez de tus pasos pueden converger para crear una realidad que refleje la esencia de tu ser. Pero ten en cuenta que la abundancia no reside solo en el brillo del oro, sino también en la riqueza de las relaciones, la salud del cuerpo y la gratitud por este milagro llamado vida. Camina con consciencia, siembra con amor y recibe con humildad. En este ciclo de cosecha y siembra, encontrarás la armonía entre lo que eres y lo que aspiras a ser."
NemoMix-Unleashed-12B-Q4_K_L,es,"La tierra firme bajo tus pies es el soporte de tu ser, el reflejo de tus cimientos. En ella se encarnan tus sueños y tus temores, tus esperanzas y tus obsesiones. La tierra es el lienzo sobre el que pintas tu existencia, el campo de batalla donde luchas por tus metas. Ella nutre tu espíritu y fortalece tu cuerpo, pero también te desafía a honrarla con tus acciones. Caminar sobre ella es un recordatorio constante de que cada paso cuenta, de que cada decisión tiene un impacto tangible en tu realidad. Contempla la tierra como un aliado sabio, que te invita a reconocer la interconexión entre lo físico y lo espiritual, lo terrenal y lo divino. En ella, encuentras la fuerza para construir un mundo que refleje tu verdadera esencia."
NemoMix-Unleashed-12B-Q4_K_L,es,"La Reina de Oros emerge del mar de emociones como una diosa de la fertilidad, sus manos sosteniendo el báculo de la abundancia y la copa rebosante de oro líquido. Ella es la guardian de los tesoros ocultos en las profundidades, las perlas de sabiduría y los secretos del corazón. Su mirada enigmática invita a bucear en el vientre del océano, donde las sombras se disipan y la luz interna brilla con intensidad. En su presencia, el flujo de sentimientos se vuelve una corriente de oro, transformando incluso las gotas más oscuras en el néctar de la comprensión. La Reina de Oros es la madre nutridora que da forma a los sueños, pero también es la sirena que cautiva con su canto, seduciendo al corazón para que revele sus deseos más profundos. A su lado, el ego se disuelve en la danza de las olas, y el alma se expande en la inmensidad del mar. Ella es la promesa de que, al entregarse al flujo de las emociones, se encuentra el manantial de la verdadera esencia."
NemoMix-Unleashed-12B-Q4_K_L,es,"El fuego arde en tu interior, una brasa incandescente que te impulsa hacia adelante. Sientes el calor de la pasión, el ardor de la determinación, la chispa divina que te motiva a crear y transformar. Esta llama ilumina tu sendero, revelando los deseos auténticos que laten en tu corazón. Permite que este fuego purifique lo viejo y obsoleto, quemando las cadenas que te aprisionan para dar paso a nuevas creaciones. Canaliza tu poder interior con intencionalidad, dejándote guiar por el instinto que te conecta con tu verdadero propósito. Crecimiento y transformación te esperan en este camino que ilumina el fuego de tu ser."
NemoMix-Unleashed-12B-Q4_K_L,es,"En el corazón de la tierra, las raíces se entrelazan con los sueños, y cada gota de lluvia nutre el crecimiento de lo invisible hacia lo tangible. En este suelo fértil, las semillas de tus intenciones germinan, y el espíritu encuentra su forma. La quietud de la tierra te invita a la reflexión, a contemplar el equilibrio entre lo etéreo y lo sólido, entre la esencia y su manifestación. Aquí, en el vientre de la madre tierra, se fragua la alquimia de la transformación, donde lo inmaterial se torna físico, y las profundidades de tu ser se revelan en la superficie. Permite que esta conexión con lo terrenal despierte tu consciencia, y que la sabiduría de la tierra fluya a través de tus acciones, nutriendo el mundo con cada paso que das."
NemoMix-Unleashed-12B-Q4_K_L,es,"Cuando la chispa divina invade el corazón, el anhelo ardiente de transformación surge como una fuerza imparable. El deseo de quemar lo viejo y dar paso a lo nuevo se enciende con una intensidad que consume todo a su paso. En este fuego purificador, la voluntad se forja con determinación inquebrantable. Cada acción, cada decisión, es impulsada por una energía creativa que renueva y renueva, llevando a la persona hacia un propósito superior. Pero cuidado, pues esta llama que ilumina también puede cegar si no se controla con sabiduría. El poder interior debe ser canalizado de manera consciente y deliberada, o de lo contrario, el fuego puede consumir a quien lo enciende. Esta purificación es un momento crucial de renacimiento, donde lo auténtico emerge de las cenizas y la verdadera esencia se revela. En esta danza entre la destrucción y la creación, entre el impulso y la voluntad, reside la clave del crecimiento y la transformación de uno mismo."
NemoMix-Unleashed-12B-Q4_K_L,es,"Un manantial brota, fresco y vital, como respuesta a la llamada de la tierra. El agua, símbolo de la emoción y la creatividad, fluye ahora a través del suelo fértil, nutriendo y haciendo crecer todo lo que toca. La abundancia se derrama, una ofrenda generosa de la fuente divina para bendecir la materia y convertirla en un jardín exuberante. El asombro y la gratitud inundan el corazón mientras se contempla este renacimiento, esta manifestación tangible del espíritu en la forma."
NemoMix-Unleashed-12B-Q4_K_L,es,"El flujo de la corriente emocional serpentea a través de tu ser, revelando en su vaivén secretos y verdades olvidadas. Sumérgete en sus profundidades para descubrir las aguas turbulentas de tu interior, que aunque a veces amenazan con desbordar, también nutren y purifican tu alma. Permite que las olas de la empatía te conecten con la corriente de los demás, fusionando tus emociones en una sinfonía de entendimiento mutuo. Honra la sabiduría que fluye en tus corrientes internas, y permítele guiar tus pasos hacia un autodescubrimiento profundo y auténtico."
NemoMix-Unleashed-12B-Q4_K_L,es,"El poder reside en el suelo bajo nuestros pies, una fuerza silenciosa e implacable que sostiene nuestra existencia material. Es aquí donde lo etéreo se vuelve sólido, donde las ideas germinan y se convierten en realidades palpables. La tierra es el lienzo sobre el cual pintamos nuestras vidas con cada elección y acción. En ella, encontramos la fuerza para crear y destruir, para construir y desmantelar. Ella nos recuerda que somos parte de un ciclo eterno de nacimiento y muerte, de crecimiento y decadencia. La tierra nos invita a honrar nuestro cuerpo, nuestra salud, nuestras posesiones y nuestro entorno, como extensiones de nuestro ser. Ella nos desafía a encontrar el equilibrio entre la abundancia y la moderación, entre la codicia y el desapego. En su abrazo fértil, descubrimos la sabiduría de nutrir nuestras raíces para que podamos florecer y dar fruto. La tierra es el puente entre lo divino y lo humano, entre lo espiritual y lo tangible. Ella nos enseña a caminar con pies firmes en la tierra mientras mantenemos nuestra conexión con los cielos."
